{
  "project_info": {
    "project_number": "3879404246",
    "firebase_url": "https://loanapp-387a0-default-rtdb.firebaseio.com",
    "project_id": "loanapp-387a0",
    "storage_bucket": "loanapp-387a0.appspot.com"
  },
  "client": [
    {
      "client_info": {
        "mobilesdk_app_id": "1:3879404246:android:9c6679006532b6ea9e3f77",
        "android_client_info": {
          "package_name": "com.kuldeepmehra.loanapp"
        }
      },
      "oauth_client": [
        {
          "client_id": "3879404246-58641in0ecd8fpn4levd80g3hltfg1u0.apps.googleusercontent.com",
          "client_type": 3
        }
      ],
      "api_key": [
        {
          "current_key": "AIzaSyBsrT14I9Z4s04AYNW2CDdoUoOfRShOtUc"
        }
      ],
      "services": {
        "appinvite_service": {
          "other_platform_oauth_client": [
            {
              "client_id": "3879404246-58641in0ecd8fpn4levd80g3hltfg1u0.apps.googleusercontent.com",
              "client_type": 3
            }
          ]
        }
      }
    }
  ],
  "configuration_version": "1"
}